city_no,year,order,police_size,pop,prop_black,prop_police_blk,pcnt,south,region
1,1960,0,5.745744743,8.87311673,0.013600749,0.028694296,4,0,5
1,1990,0,6.149512208,7.655435595,0.004908744,0.143565434,4,0,5
2,1960,1,4.595030595,0.000349574,0.088944629,0.023461143,1,1,1
2,1990,1,4.662858093,0.000219593,0.19294433,0.13774756,1,1,1
3,1960,0,4.478869155,0.469376102,0.358966195,0.036542841,3,0,2
3,1990,0,4.717076508,0.90594335,0.547456225,0.180512595,3,0,2
4,1960,1,5.509461557,0.604323892,0.22514875,0.187387791,3,0,5
4,1990,1,5.773089286,0.622877044,0.412655627,0.46598534,3,0,5
5,1960,0,5.09455814,5.864581104,0.454095169,0.012343245,4,1,3
5,1990,0,5.338804624,5.986832464,0.686825756,0.045709468,4,1,3
6,1960,0,5.733471915,0.261710342,0.074235618,0.03335107,2,0,5
6,1990,0,6.139361184,0.471278966,0.083157969,0.164286481,2,0,5
7,1960,0,4.584813993,7.577198362,0.291883107,0.013453546,4,0,4
7,1990,0,4.829237559,6.667203676,0.444658274,0.05569924,4,0,4
8,1960,0,5.110695296,2.170806595,0.336537443,0.00656388,4,1,5
8,1990,0,5.354339164,2.941992836,0.519122185,0.01381566,4,1,5
9,1960,0,4.802115333,1.353264905,0.170262262,0.006213778,3,0,5
9,1990,0,5.019498393,1.863608437,0.281363687,0.01159507,3,0,5
10,1960,0,5.258572102,3.183842276,0.113143133,0.04430475,4,1,5
10,1990,0,5.535081164,4.141853078,0.148985213,0.227418312,4,1,5
11,1960,0,5.285216116,0.297299148,0.014010589,0.075988525,2,1,4
11,1990,0,5.555320206,0.524315285,0.007200993,0.332703571,2,1,4
12,1960,1,5.714537241,2.36E-10,0.107061094,0.081558338,1,1,4
12,1990,1,6.061353345,2.48E-08,0.246469251,0.290242005,1,1,4
13,1960,0,5.17864483,0.000523636,0.14082071,0.005574181,1,1,4
13,1990,0,5.413816607,0.008799,0.197172309,0.011039641,1,1,4
14,1960,1,5.512266024,0.69933838,0.086868778,0.068848348,3,0,1
14,1990,1,5.780696,1.067664908,0.184646321,0.254044096,3,0,1
15,1960,0,5.31679997,0.002639876,0.22212565,0.000157067,1,0,5
15,1990,0,5.596057052,0.019533667,0.393428839,1.60E-05,1,0,5
16,1960,0,5.123184385,5.75E-05,0.14078019,0.039461937,1,1,5
16,1990,0,5.357840498,0.005307662,0.197018792,0.206237559,1,1,5
17,1960,0,5.414267142,0.360425899,0.351324714,0.027201005,2,0,4
17,1990,0,5.659017539,0.665457076,0.529463926,0.139567348,2,0,4
18,1960,0,4.733904017,0.91992343,0.033331942,0.016740707,3,0,3
18,1990,0,4.973119647,1.60873738,0.019579079,0.09278107,3,0,3
19,1960,0,5.052513143,0.41406273,0.028808467,0.026802709,3,0,5
19,1990,0,5.315994211,0.824728875,0.017958326,0.13547639,3,0,5
20,1960,0,4.816469959,0.254589307,0.227078147,0.018411666,2,1,2
20,1990,0,5.058808214,0.435846177,0.408974992,0.099636571,2,1,2
21,1960,0,5.506471905,0.003201189,0.071225167,0.079857183,1,1,3
21,1990,0,5.828368278,0.036652076,0.074287795,0.336732683,1,1,3
22,1960,0,5.465241387,0.77866857,0.607550995,0.011598625,3,1,5
22,1990,0,5.71554426,1.328963238,0.89050452,0.036797252,3,1,5
23,1960,0,5.344483355,0.988265464,0.032149666,0.054871783,3,1,5
23,1990,0,5.603011154,1.667143656,0.019013028,0.267324422,3,1,5
24,1960,1,5.029743348,1.476180302,0.146254632,0.014396793,3,1,4
24,1990,1,5.205262372,1.527884741,0.296417734,0.088519262,3,1,4
25,1960,0,5.298164806,0.000867933,0.32139193,0.035075747,1,1,1
25,1990,0,5.569564835,0.015751814,0.493960669,0.170192998,1,1,1
26,1960,0,5.254000053,0.005536691,0.176834407,0.067487127,1,1,4
26,1990,0,5.524296719,0.04676541,0.29599502,0.31034575,1,1,4
27,1960,0,4.930428665,6.517682504,0.094567471,0.095356522,4,1,1
27,1990,0,5.157244764,6.10617868,0.105903532,0.476236761,4,1,1
28,1960,0,4.883315724,0.0001799,0.202524271,0.000233157,1,0,4
28,1990,0,5.113744309,0.007228839,0.371759301,0.000730785,1,0,4
29,1960,0,4.689102398,12.15539813,0.010778892,0.061779116,4,1,4
29,1990,0,4.936842228,11.70547811,0.002601857,0.282204538,4,1,4
30,1960,1,5.192118361,9.626632414,0.147769856,0.046279209,4,1,1
30,1990,1,5.449522793,13.21332135,0.307849033,0.228673798,4,1,1
31,1960,0,4.664133657,0.611626902,0.202778076,0.015131136,3,0,3
31,1990,0,4.919840042,1.169871432,0.377586772,0.076006905,3,0,3
32,1960,0,4.908091937,0.076184591,0.101081091,0.094764774,2,0,1
32,1990,0,5.14044443,0.181157818,0.119400345,0.468267368,2,0,1
33,1960,1,4.492234369,15.83806412,0.230323589,0.039952403,4,1,1
33,1990,1,4.638469049,21.56548869,0.413841309,0.213379417,4,1,1
34,1960,1,5.132847208,0.323371482,0.149350596,0.018192858,2,0,1
34,1990,1,5.361025318,0.141969227,0.309180353,0.118429588,2,0,1
35,1960,1,5.231559388,0.018272199,0.149904946,0.056334434,1,1,5
35,1990,1,5.488108759,0.010096617,0.310779712,0.235672188,1,1,5
36,1960,0,5.145352299,6.99E-09,0.21803654,0.015723846,1,1,4
36,1990,0,5.394097055,0.000248482,0.389477516,0.086577397,1,1,4
37,1960,1,5.621151975,1.577181728,0.231800918,0.04963197,3,1,2
37,1990,1,5.932108043,1.75930447,0.422825921,0.229120315,3,1,2
38,1960,0,4.578104659,0.003269655,0.076820776,0.108134642,1,0,4
38,1990,0,4.799806156,0.036864368,0.084718615,0.515661241,1,0,4
39,1960,0,5.737320809,0.602731536,0.013147,0.026170353,3,0,2
39,1990,0,6.139598193,1.124162529,0.004681988,0.131972524,3,0,2
40,1960,0,5.26607685,0.656762219,0.022947827,0.159508267,3,0,1
40,1990,0,5.539269921,1.211431502,0.011696648,0.774973346,3,0,1
41,1960,1,4.787102043,18.2718777,0.08721761,0.005704347,4,0,4
41,1990,1,4.998654623,41.23789779,0.186473446,0.055262849,4,0,4
42,1960,0,5.012765671,4.863522462,0.085218056,0.000618202,4,0,1
42,1990,0,5.240151406,5.377356154,0.086646063,0.001093872,4,0,1
43,1960,0,4.497617138,3.321280899,0.264147711,0.014204682,4,1,2
43,1990,0,4.766260395,4.266767225,0.441741173,0.059740573,4,1,2
44,1960,0,4.818311113,13.76301139,0.304297613,0.050062493,4,1,4
44,1990,0,5.07394196,12.9185811,0.473754048,0.235195219,4,1,4
45,1960,0,4.940196537,3.174843059,0.43839053,0.023036899,4,0,1
45,1990,0,5.186304951,4.112080125,0.685281584,0.126608653,4,0,1
46,1960,1,5.389650809,0.347291188,0.427724979,0.014029545,2,1,2
46,1990,1,5.655552926,0.242524729,0.609034512,0.085026927,2,1,2
47,1960,0,5.415703825,0.07310566,0.193428961,0.056693572,2,0,4
47,1990,0,5.661119731,0.178603863,0.340183988,0.27611495,2,0,4
48,1960,1,5.48712639,15.58852701,0.255026777,0.052893114,4,1,4
48,1990,1,5.737677389,21.23014079,0.458970181,0.235286361,4,1,4
49,1960,0,4.556398358,0.023465427,0.134172461,0.01221045,1,1,5
49,1990,0,4.784302139,0.084761459,0.187324526,0.040463736,1,1,5
50,1960,1,5.272778755,0.171826672,0.07662878,0.071529016,2,0,4
50,1990,1,5.557927606,0.101314488,0.142506353,0.265916414,2,0,4
51,1960,1,5.135233221,0.468387285,0.13668709,0.110351043,3,0,3
51,1990,1,5.375910986,0.373398571,0.280527306,0.331626144,3,0,3
52,1960,1,5.179950753,0.573511421,0.178745446,0.038858748,3,0,1
52,1990,1,5.425211825,0.621228448,0.343038594,0.207692212,3,0,1
53,1960,1,5.314197209,0.05260181,0.240307155,0.069443085,2,1,2
53,1990,1,5.567148981,0.028355095,0.42612328,0.258823255,2,1,2
54,1960,1,4.922914406,7.47E-09,0.28468541,0.012353213,1,0,4
54,1990,1,5.174920959,1.16E-06,0.470283147,0.077560738,1,0,4
55,1960,0,5.203750524,0.086587461,0.287216468,0.022066031,2,1,1
55,1990,0,5.459997407,0.19045515,0.442919637,0.123346503,2,1,1
56,1960,1,5.907077644,0.000353313,0.191268915,0.088545844,1,1,1
56,1990,1,6.202195081,0.000249921,0.348687088,0.299971909,1,1,1
57,1960,0,5.429786306,0.416700071,0.163646674,0.03092736,3,0,1
57,1990,0,5.664628126,0.825979232,0.267042389,0.161447272,3,0,1
58,1960,0,4.919749911,2.228023722,0.392552996,0.007417308,4,0,4
58,1990,0,5.144881862,3.166639993,0.588494547,0.018606375,4,0,4
59,1960,0,5.146761329,0.217316769,0.042635321,0.055900717,2,1,5
59,1990,0,5.395531159,0.374638982,0.037627516,0.274839313,2,1,5
60,1960,1,4.895630353,0.008690039,0.142483912,0.057293186,1,0,2
60,1990,1,5.168122813,0.003130812,0.294240716,0.241615119,1,0,2
61,1960,0,4.835005112,3.135470834,0.040616571,0.030509467,4,0,2
61,1990,0,5.086334666,3.775338235,0.030845446,0.160787478,4,0,2
62,1960,1,5.784609222,2.34E-07,0.068639235,0.096997113,1,0,2
62,1990,1,6.148336768,1.01E-05,0.123603785,0.320908318,1,0,2
63,1960,1,5.737872647,1.472359728,0.160711475,0.069548343,3,1,4
63,1990,1,6.1334035,1.484024002,0.317600397,0.263189528,3,1,4
64,1960,0,4.960803337,8.144038753,0.039315454,0.134576415,4,1,1
64,1990,0,5.209425427,7.385246971,0.028861946,0.650126524,4,1,1
65,1960,0,5.086887544,0.751086318,0.016635421,0.006677947,3,0,1
65,1990,0,5.33676616,1.244515267,0.00897871,0.015860515,3,0,1
66,1960,0,4.647110708,1.48E-05,0.371960517,0.000925724,1,1,1
66,1990,0,4.913810591,0.003340101,0.565766728,0.001540236,1,1,1
67,1960,0,4.845384894,0.325115672,0.476412397,0.001446999,2,0,3
67,1990,0,5.091608713,0.577559815,0.748603422,0.002941462,2,0,3
68,1960,0,5.668412489,0.204546339,0.127915396,0.034433554,2,0,3
68,1990,0,6.035681909,0.372580206,0.179141744,0.170092991,2,0,3
69,1960,0,4.69521254,1.461509884,0.089185513,0.003804737,3,1,2
69,1990,0,4.938454569,2.484213293,0.09704593,0.004994134,3,1,2
70,1960,0,5.70883352,0.008621243,0.200817976,0.015019144,1,1,1
70,1990,0,6.128794391,0.063663136,0.354510775,0.070974213,1,1,1
71,1960,1,5.453752093,0.022899378,0.065791877,0.020490696,1,1,3
71,1990,1,5.678497203,0.015252574,0.106779537,0.128174391,1,1,3
72,1960,0,4.683356264,0.533975627,0.155266488,0.018601863,3,0,1
72,1990,0,4.927999621,1.034166096,0.260995122,0.104327319,3,0,1
73,1960,0,5.209854967,0.401246059,0.18832701,0.009492273,3,1,4
73,1990,0,5.465064599,0.745106474,0.336940125,0.029144996,3,1,4
74,1960,0,5.482824087,0.851713492,0.185483019,0.034387646,3,1,4
74,1990,0,5.745246196,1.488836877,0.327730535,0.168959314,3,1,4
75,1960,0,4.66531703,0.450199077,0.365071173,0.005150249,3,0,4
75,1990,0,4.923438844,0.835631219,0.553132641,0.010971852,3,0,4
76,1960,1,6.27944211,0.000124754,0.216545389,0.073831956,1,1,5
76,1990,1,6.412650005,0.000172862,0.390866729,0.266241091,1,1,5
77,1960,0,5.053145391,1.034849489,0.111665601,0.007682546,3,0,1
77,1990,0,5.323528705,1.755899176,0.147522558,0.0226556,3,0,1
78,1960,0,5.19960617,0.0305586,0.206365384,0.02649928,2,1,2
78,1990,0,5.451356486,0.123960329,0.380792097,0.132209772,2,1,2
79,1960,0,5.448391613,0.022117898,0.423944422,0.019209896,1,0,4
79,1990,0,5.675034978,0.081468656,0.648512798,0.106382898,1,0,4
80,1960,1,5.235463524,5.237017891,0.167617487,0.068785417,4,0,5
80,1990,1,5.522272232,6.082458903,0.323056022,0.25302112,4,0,5
81,1960,0,4.998430064,1.655230806,0.411243343,0.053969272,3,1,2
81,1990,0,5.228633629,2.631794057,0.636758374,0.266765203,3,1,2
82,1960,0,4.739293134,0.00064425,0.046824509,0.0078846,1,1,5
82,1990,0,4.996588385,0.01099315,0.043354459,0.022791329,1,1,5
83,1960,1,4.664322702,32.28169238,0.092731304,0.189938353,4,1,4
83,1990,1,4.948806896,52.78708525,0.202025211,0.565329103,4,1,4
84,1960,0,5.30458485,3.74973943,0.045190756,0.010223828,4,0,2
84,1990,0,5.592167423,4.463373527,0.039909468,0.034326905,4,0,2
85,1960,1,5.008127831,2.99E-20,0.168470415,0.121015593,1,1,2
85,1990,1,5.195313409,2.01E-09,0.323142529,0.36294941,1,1,2
86,1960,1,5.64613257,1.133880161,0.122661185,0.026708761,3,0,5
86,1990,1,6.013523765,1.458344463,0.271991234,0.143428965,3,0,5
87,1960,1,5.153160206,17.63461002,0.229495423,0.039036795,4,1,2
87,1990,1,5.386150021,33.90094294,0.413381005,0.213084363,4,1,2
88,1960,0,5.00789431,0.230370313,0.048149275,0.011051885,2,1,2
88,1990,0,5.238929498,0.41783459,0.043460852,0.036178678,2,1,2
89,1960,0,4.745262376,8.706206016,0.098315032,0.009932352,4,0,1
89,1990,0,5.005376471,7.571253002,0.116159324,0.031581931,4,0,1
90,1960,0,4.761412309,0.56839352,0.101510595,0.00496781,3,0,5
90,1990,0,5.013885614,1.116183879,0.124969636,0.008974232,3,0,5
91,1960,0,5.682931242,0.039538964,0.279947348,0.041038954,2,0,2
91,1990,0,6.105891844,0.137711207,0.442821061,0.218119451,2,0,2
92,1960,1,5.490725107,0.001799396,0.260619294,0.034170408,1,1,5
92,1990,1,5.746522754,0.001050549,0.460048543,0.194260502,1,1,5
93,1960,0,4.935722768,2.868719144,0.176777854,0.015254272,4,1,2
93,1990,0,5.178872853,3.565050393,0.292955958,0.081661634,4,1,2
94,1960,0,5.238019006,0.163535042,0.198103633,0.006864388,2,1,2
94,1990,0,5.502575361,0.278427596,0.351416822,0.01695304,2,1,2
95,1960,0,4.995917891,0.024046968,0.120306939,0.014683324,2,1,3
95,1990,0,5.22697658,0.100399816,0.169102778,0.061703612,2,1,3
96,1960,0,4.898799715,0.659622308,0.177882983,0.0189801,3,1,2
96,1990,0,5.119444085,1.221726529,0.301948487,0.105582326,3,1,2
97,1960,0,5.214822825,0.617038957,0.18493878,0.011921476,3,1,4
97,1990,0,5.487549877,1.205511983,0.327213097,0.037907929,3,1,4
98,1960,0,5.416410881,0.851708396,0.340415746,0.014879127,3,1,3
98,1990,0,5.662720286,1.370427006,0.522329968,0.062247481,3,1,3
99,1960,0,4.949699236,3.23E-05,0.058693683,0.038920327,1,0,2
99,1990,0,5.198242109,0.003482259,0.048875639,0.2028962,1,0,2
100,1960,1,5.473651531,0.00123427,0.197892639,0.024355054,1,1,4
100,1990,1,5.71718324,0.000705678,0.363380796,0.138219192,1,1,4
101,1960,1,5.391310986,28.21026683,0.266547447,0.064084514,4,0,1
101,1990,1,5.663449654,50.798009,0.468593773,0.249798786,4,0,1
102,1960,1,5.117016038,0.041455506,0.13732193,0.017980678,2,1,2
102,1990,1,5.304593478,0.026279913,0.282839598,0.116964177,2,1,2
103,1960,1,5.413947259,0.988574334,0.049426841,0.12586489,3,0,4
103,1990,1,5.672368293,1.409977319,0.101565824,0.363763717,3,0,4
104,1960,1,5.38444161,3.476100083,0.231080612,0.002965539,4,0,4
104,1990,1,5.64293373,5.31911526,0.415451469,0.034581262,4,0,4
105,1960,0,5.40032115,0.06587123,0.021924646,0.001904635,2,0,5
105,1990,0,5.632853848,0.16118049,0.0110181,0.003163363,2,0,5
106,1960,0,4.160683291,2.974508785,0.121334196,0.012445365,4,0,3
106,1990,0,4.554990191,3.757826441,0.170654334,0.048948459,4,0,3
107,1960,1,5.841984563,6.59E-07,0.220573898,0.077093256,1,1,4
107,1990,1,6.194118574,1.69E-05,0.399221848,0.277180311,1,1,4
108,1960,0,5.609703636,0.409443329,0.303699133,0.006702562,3,1,2
108,1990,0,5.970316841,0.798012086,0.445338114,0.015917888,3,1,2
109,1960,0,4.644489276,1.320346945,0.062073987,0.051459231,3,1,3
109,1990,0,4.892811615,1.813534197,0.055358835,0.248890944,3,1,3
110,1960,1,5.622704707,0.562277932,0.071329413,0.032867779,3,1,5
110,1990,1,5.946460081,0.533747591,0.134101123,0.175483076,3,1,5
111,1960,0,4.693351212,4.62209309,0.290286801,0.035365539,4,0,5
111,1990,0,4.93711138,4.924262882,0.443892771,0.173465283,4,0,5
112,1960,1,5.218879144,5.602384491,0.055945538,0.025461197,4,1,1
112,1990,1,5.463623703,7.51493184,0.104719136,0.138576013,4,1,1
113,1960,0,5.137442094,0.610549816,0.025758683,0.010910697,3,1,1
113,1990,0,5.378518288,1.154003669,0.01364348,0.035625096,3,1,1
114,1960,1,5.059710202,13.94304429,0.19404085,0.01993815,4,0,4
114,1990,1,5.262995481,16.29899959,0.363252082,0.125116278,4,0,4
115,1960,0,5.500157779,0.542144831,0.035423196,0.001909974,3,0,1
115,1990,0,5.785521284,1.055264094,0.026839015,0.003199445,3,0,1
116,1960,0,5.083446784,0.035181618,0.148805432,0.082926943,2,1,3
116,1990,0,5.332332919,0.135139514,0.213510938,0.348320768,2,1,3
117,1960,0,4.603210375,0.002753336,0.105608626,0.052217432,1,0,5
117,1990,0,4.86127849,0.02494626,0.13079659,0.26492326,1,0,5
118,1960,0,5.52341936,0.226375026,0.461165874,0.040812031,2,0,2
118,1990,0,5.862846516,0.408935967,0.691425996,0.215058529,2,0,2
119,1960,0,5.230534093,0.09196294,0.015811018,0.027103501,2,0,1
119,1990,0,5.488599955,0.197316073,0.007325018,0.135940573,2,0,1
120,1960,0,4.543757039,0.097399724,0.398682637,0.01000088,2,0,5
120,1990,0,4.779415166,0.205885834,0.604866039,0.033708032,2,0,5
121,1960,1,5.457529065,5.793295669,0.494279509,0.030597078,4,1,4
121,1990,1,5.679408797,9.016697024,0.662160245,0.165677157,4,1,4
122,1960,0,5.497887844,0.151720858,0.466764551,0.011638007,2,0,3
122,1990,0,5.772624809,0.254676136,0.738095833,0.037358294,2,0,3
123,1960,0,4.869191931,0.003279853,0.082623701,0.019462355,1,0,5
123,1990,0,5.104465296,0.041041097,0.085599587,0.116769058,1,0,5
124,1960,1,4.970384998,0.009982391,0.211925272,0.000615426,1,0,1
124,1990,1,5.194993271,0.005133155,0.389116125,0.01578104,1,0,1
125,1960,0,4.931991375,4.87E-05,0.007986334,0.004019499,1,1,4
125,1990,0,5.176038061,0.003549752,0.00107947,0.006063648,1,1,4
126,1960,1,5.292911832,0.163379129,0.173388873,0.042019658,2,1,2
126,1990,1,5.558136295,0.055989611,0.340163028,0.225748839,2,1,2
127,1960,0,4.710705631,0.152425106,0.363257157,0.026583044,2,1,5
127,1990,0,4.954928761,0.266769162,0.550236229,0.135294728,2,1,5
128,1960,0,5.389424795,0.498845698,0.171690184,0.011978527,3,0,3
128,1990,0,5.624777088,0.915157497,0.290952101,0.038626094,3,0,3
129,1960,0,4.620625339,0.92045294,0.009205606,0.046149091,3,1,2
129,1990,0,4.875909873,1.636828671,0.001176295,0.227427569,3,1,2
130,1960,1,5.61665589,5.829767602,0.076406649,0.086132476,4,1,3
130,1990,1,5.904196536,9.463762225,0.140814,0.293847267,4,1,3
131,1960,0,4.717109515,0.047448128,0.092657946,0.009387414,2,1,5
131,1990,0,4.962714639,0.143076893,0.097635148,0.027177838,2,1,5
132,1960,0,5.671042593,0.107382438,0.018082659,0.131613702,2,1,2
132,1990,0,6.065498988,0.215341277,0.00903523,0.579776239,2,1,2
133,1960,0,4.668812965,9.171155266,0.171347635,0.021480738,4,1,4
133,1990,0,4.92733984,8.005917835,0.289125929,0.122479068,4,1,4
134,1960,1,5.318212182,2.42E-05,0.239979679,0.018777731,1,1,4
134,1990,1,5.589377741,6.80E-05,0.425367627,0.12420958,1,1,4
135,1960,1,5.781483341,0.645583417,0.162741014,0.028101677,3,1,4
135,1990,1,6.137431768,0.979397226,0.322117894,0.143559709,3,1,4
136,1960,1,6.279326175,2.188352835,0.155780492,0.031909794,4,0,4
136,1990,1,6.321964365,2.474713205,0.3161792,0.174356078,4,0,4
137,1960,0,5.314127741,0.154146296,0.088750479,0.021717965,2,1,5
137,1990,0,5.592667174,0.278021395,0.095426956,0.123139222,2,1,5
138,1960,0,5.213155011,1.022190693,0.148264551,0.099167661,3,0,3
138,1990,0,5.475314426,1.72963296,0.208770115,0.496460625,3,0,3
139,1960,0,4.588643982,0.115486574,0.011090154,0.000824255,2,0,4
139,1990,0,4.855338426,0.235149584,0.004049862,0.00152901,2,0,4
140,1960,1,5.34465323,15.1792109,0.119072905,0.070431905,4,0,1
140,1990,1,5.610336965,18.75047337,0.263035406,0.265570832,4,0,1
141,1960,0,4.342078182,0.034459068,0.075187413,0.031743663,2,0,5
141,1990,0,4.582147548,0.132980427,0.084244651,0.161957428,2,0,5
142,1960,0,5.065275937,1.819599882,0.183543954,0.110746995,3,0,1
142,1990,0,5.325728999,2.862523366,0.317099755,0.530559154,3,0,1
143,1960,0,5.126156243,0.001373031,0.152209126,0.03260689,1,0,2
143,1990,0,5.369060324,0.017234471,0.224035644,0.162027468,1,0,2
144,1960,1,5.586182492,2.59E-06,0.206012499,0.028712717,1,0,3
144,1990,1,5.884776462,2.08E-05,0.386708842,0.14737636,1,0,3
145,1960,1,5.065640471,42.38982089,0.380667018,0.063247804,4,0,4
145,1990,1,5.279054665,54.33979763,0.521453717,0.244132168,4,0,4
146,1960,1,5.05203051,17.49216672,0.424106834,0.046014289,4,1,2
146,1990,1,5.25831853,26.27612595,0.603971903,0.228256824,4,1,2
147,1960,0,4.370875599,0.030307873,0.065049158,0.164289899,2,0,1
147,1990,0,4.602775447,0.112722349,0.066891586,0.825110667,2,0,1
148,1960,0,5.268601713,2.23E-07,0.011432515,0.004649818,1,1,2
148,1990,0,5.551034075,0.001583899,0.004541448,0.007852799,1,1,2
149,1960,0,4.432861474,0.183317671,0.060857708,0.051662287,2,1,5
149,1990,0,4.716653389,0.32360806,0.053251299,0.252124968,2,1,5
150,1960,1,5.63050148,0.000119221,0.383617048,0.089216603,1,0,5
150,1990,1,5.973268189,0.000170688,0.555664724,0.304246016,1,0,5
151,1960,1,5.191487449,18.9419599,0.221213323,0.140246562,4,0,5
151,1990,1,5.429684378,42.68567131,0.402028716,0.424243747,4,0,5
152,1960,0,5.082081234,0.232121213,0.092710373,0.074120241,2,0,5
152,1990,0,5.331682901,0.428748791,0.100119853,0.322985596,2,0,5
153,1960,0,6.0339528,0.183819796,0.426516049,0.012525367,2,1,4
153,1990,0,6.265040021,0.326951724,0.648547493,0.053291664,2,1,4
154,1960,1,4.888768508,0.122686691,0.168656665,0.028372429,2,0,1
154,1990,1,5.166156647,0.037698345,0.326847472,0.146931237,2,0,1
155,1960,0,5.188922413,0.241460255,0.022996682,0.03360306,2,0,3
155,1990,0,5.417708592,0.429399817,0.011917884,0.168717841,2,0,3
156,1960,1,4.98068637,1.17E-05,0.764800092,0.144275646,1,1,4
156,1990,1,5.195181999,3.45E-05,0.729111085,0.462575487,1,1,4
157,1960,0,6.080738528,0.608231305,0.512073041,0.001116448,3,0,2
157,1990,0,6.280830164,1.12739142,0.877971862,0.001778054,3,0,2
158,1960,0,5.258470037,0.108689981,0.435820527,0.014926491,2,0,2
158,1990,0,5.527918729,0.224204481,0.673369136,0.066465695,2,0,2
159,1960,0,5.288708252,4.559756776,0.059652161,0.004194537,4,1,5
159,1990,0,5.560760535,4.764119901,0.049684088,0.006833714,4,1,5
160,1960,1,5.352885887,0.948236295,0.077257395,0.033472599,3,1,5
160,1990,1,5.63484676,1.397087155,0.143809076,0.178547026,3,1,5
161,1960,1,5.11827991,1.27E-07,0.2013572,0.033716673,1,1,5
161,1990,1,5.343448201,1.50E-06,0.374938277,0.182776643,1,1,5
162,1960,0,4.908399619,0.012905626,0.214792974,0.094299194,1,0,1
162,1990,0,5.141877982,0.069398469,0.384854499,0.466723905,1,0,1
163,1960,1,4.871145396,0.619465447,0.119830752,0.013551589,3,1,4
163,1990,1,5.118462939,0.922729622,0.265403532,0.078330826,3,1,4
164,1960,1,5.224425989,2.95E-10,0.301514309,0.08355032,1,1,5
164,1990,1,5.478677295,5.77E-08,0.483423154,0.292159255,1,1,5
165,1960,1,6.029170721,0.548226769,0.247198957,0.028848583,3,1,2
165,1990,1,6.241081776,0.528929774,0.441894688,0.149445478,3,1,2
166,1960,0,5.136767082,0.040889208,0.231856369,0.036144422,2,1,4
166,1990,0,5.377209439,0.13878602,0.415315472,0.174831491,2,1,4
167,1960,0,4.963912825,0.003774327,0.261601024,0.001133566,1,0,5
167,1990,0,5.217253322,0.043407245,0.435844885,0.00238441,1,0,5
168,1960,0,5.034746452,2.842345069,0.003329392,0.004336533,4,0,1
168,1990,0,5.272564666,3.505865388,0.000373886,0.007274539,4,0,1
169,1960,0,5.212317081,10.07238107,0.041806954,0.023050728,4,1,2
169,1990,0,5.46804173,8.707270911,0.034890196,0.127107674,4,1,2
170,1960,1,5.246752831,11.21952024,0.222136693,0.025887258,4,1,4
170,1990,1,5.52898391,13.25343326,0.409081678,0.140045942,4,1,4
171,1960,0,5.479672683,0.008067265,0.013675908,0.008474541,1,0,4
171,1990,0,5.723280699,0.05669506,0.00549858,0.02499589,1,0,4
172,1960,0,5.182707649,2.838947338,0.003488656,0.052840655,4,1,2
172,1990,0,5.41420444,3.455029853,0.000695964,0.266731737,4,1,2
173,1960,0,5.004626322,4.63917722,0.308756272,0.002200236,4,0,5
173,1990,0,5.229086467,5.215010175,0.485004695,0.00402882,4,0,5
174,1960,0,5.492836976,0.902215123,0.166320914,0.00022601,3,0,1
174,1990,0,5.75278438,1.556145046,0.281057986,0.000147026,3,0,1
175,1960,0,5.195679254,0.502201316,0.096465018,0.039490979,3,1,5
175,1990,0,5.442177758,0.92873505,0.116118753,0.209885715,3,1,5
176,1960,0,5.893927139,6.68904827,0.220141377,0.04003062,4,1,1
176,1990,0,6.182546428,6.399521942,0.390952715,0.212303779,4,1,1
177,1960,0,5.019129813,0.024033051,0.046728012,0.016279853,2,1,4
177,1990,0,5.240667555,0.092730937,0.041906812,0.08983429,2,1,4
178,1960,0,5.568682429,0.031142298,0.094241964,0.001284414,2,0,1
178,1990,0,5.867234203,0.126395112,0.102118682,0.002401872,2,0,1
179,1960,1,5.547287553,3.97E-05,0.473666672,0.102816034,1,1,2
179,1990,1,5.872092536,9.72E-05,0.648743026,0.321338093,1,1,2
180,1960,1,5.541054664,2.999840975,0.30286139,0.009179461,4,0,3
180,1990,1,5.855861219,4.199331703,0.484183021,0.062140214,4,0,3
181,1960,0,4.248826909,0.621618498,0.303910484,0.118719677,3,1,4
181,1990,0,4.578081413,1.20786722,0.450951578,0.546476186,3,1,4
182,1960,0,4.217533886,3.441933666,0.027471922,0.039446495,4,0,3
182,1990,0,4.559024888,4.421853466,0.015025727,0.205065192,4,0,3
183,1960,0,5.114625175,0.000290726,0.585434893,0.076340627,1,0,2
183,1990,0,5.355580577,0.007974412,0.885313664,0.333843095,1,0,2
184,1960,1,5.703535716,0.003175057,0.399775949,0.005844249,1,0,4
184,1990,1,6.031430943,0.002988354,0.564731322,0.055270081,1,0,4
185,1960,0,4.781509935,0.068336637,0.045895162,0.007682144,2,1,2
185,1990,0,5.018278155,0.168847809,0.040542909,0.022097175,2,1,2
186,1960,0,5.321394047,3.138765471,0.087124733,0.015005586,4,1,1
186,1990,0,5.598950923,3.932631528,0.090620249,0.068447566,4,1,1
187,1960,0,5.583205159,0.243037625,0.141941318,0.043390948,2,1,5
187,1990,0,5.878497979,0.430187506,0.208446585,0.224751386,2,1,5
188,1960,1,4.686086352,8.12637536,0.281921318,0.035658047,4,1,1
188,1990,1,4.98953957,12.104678,0.469173959,0.195090791,4,1,1
189,1960,0,5.39000728,0.007566813,0.124390438,0.037871716,1,1,1
189,1990,0,5.629038031,0.054396769,0.171699518,0.182374062,1,1,1
190,1960,1,5.958254089,1.728757549,0.094171606,0.086160055,3,1,1
190,1990,1,6.223769274,2.069474014,0.236554182,0.297929413,3,1,1
191,1960,0,5.651421135,1.11E-07,0.041081556,0.009632387,1,1,5
191,1990,0,5.995007506,0.000555148,0.032011076,0.030171812,1,1,5
192,1960,0,5.303854931,2.416192144,0.065901995,0.006255285,4,0,3
192,1990,0,5.58593998,3.320813992,0.068779592,0.0129016,4,0,3
193,1960,0,4.658780851,5.51E-07,0.465726408,0.03643894,1,0,4
193,1990,0,4.918591656,0.00185774,0.705471294,0.175032862,1,0,4
194,1960,0,4.631435082,0.00073215,0.090602766,0.063323277,1,1,3
194,1990,0,4.888779518,0.014245416,0.097546145,0.290674336,1,1,3
195,1960,1,5.223885121,0.000248386,0.161905905,0.011178171,1,1,4
195,1990,1,5.474838985,0.000214694,0.320895919,0.074129151,1,1,4
196,1960,1,5.718657076,0.165489487,0.285063025,0.040048761,2,0,5
196,1990,1,6.092131169,0.084432987,0.47368128,0.215809587,2,0,5
197,1960,0,4.986104317,0.005947836,0.181903703,0.008564386,1,0,5
197,1990,0,5.219298592,0.05371403,0.308973375,0.025473097,1,0,5
198,1960,0,4.625344444,2.259509492,0.179218502,0.021135113,4,1,5
198,1990,0,4.87973357,3.280374364,0.305832444,0.120293869,4,1,5
199,1960,0,4.897042598,1.348110425,0.152698863,6.23E-05,3,1,4
199,1990,0,5.117688057,1.830597517,0.233801022,1.45E-06,3,1,4
200,1960,0,4.878809003,5.56E-05,0.466247606,0.016536676,1,0,1
200,1990,0,5.112187339,0.004644307,0.710014338,0.090415116,1,0,1
201,1960,1,5.484553807,4.49E-06,0.147373678,0.093021315,1,1,2
201,1990,1,5.720147795,3.05E-05,0.306774107,0.317257837,1,1,2
202,1960,0,4.385091412,0.334461962,0.129500145,0.003160665,2,1,2
202,1990,0,4.681912861,0.594492089,0.183441664,0.004332129,2,1,2
203,1960,1,5.315900724,42.95427078,0.193183146,0.057186223,4,0,3
203,1990,1,5.575270618,111.0285645,0.3586626,0.240342361,4,0,3
204,1960,0,4.890416975,0.468805277,0.430421099,0.007223908,3,0,4
204,1990,0,5.114160987,0.873008826,0.662379209,0.017053027,3,0,4
205,1960,0,4.737031564,1.98470802,0.31486137,0.003717804,3,1,2
205,1990,0,4.990998333,2.890574269,0.488990617,0.00476271,3,1,2
206,1960,0,5.039713252,0.356330152,0.063454225,0.002134444,2,0,2
206,1990,0,5.287577829,0.629547926,0.055359382,0.003826711,2,0,2
207,1960,1,5.363491979,0.002178236,0.261111917,0.023345305,1,1,2
207,1990,1,5.642630133,0.002664049,0.463077424,0.136079317,1,1,2
208,1960,0,4.861711002,0.509467368,0.095724767,0.017403916,3,1,4
208,1990,0,5.102914075,0.999957741,0.113014757,0.097712091,3,1,4
209,1960,1,5.393552626,0.01287035,0.095913468,0.074372013,1,1,1
209,1990,1,5.665120805,0.005318987,0.237584893,0.268779957,1,1,1
210,1960,0,5.042526203,1.429593761,0.356327155,0.074161154,3,0,4
210,1990,0,5.295666419,2.304456618,0.537279961,0.329931074,3,0,4
211,1960,0,4.252182902,0.127600486,0.137456789,0.002390373,2,0,2
211,1990,0,4.581638477,0.237536237,0.193586923,0.004235472,2,0,2
212,1960,0,4.827971214,0.184873191,0.173739177,0.01545582,2,1,1
212,1990,0,5.079014392,0.328305538,0.292707969,0.085934577,2,1,1
213,1960,1,5.258957244,0.181253907,0.042053309,0.017016249,2,1,1
213,1990,1,5.53260406,0.101957045,0.038478619,0.107313116,2,1,1
214,1960,0,5.395824842,0.013329729,0.107847537,0.007968536,1,1,3
214,1990,0,5.630270516,0.071760645,0.131158165,0.02311275,1,1,3
215,1960,0,5.043563512,0.138500197,0.086988992,0.028277423,2,1,4
215,1990,0,5.300594395,0.251727736,0.09036763,0.143525614,2,1,4
216,1960,0,5.172421256,0.754145005,0.027624884,0.002339616,3,0,3
216,1990,0,5.401696154,1.268344998,0.015274906,0.004151453,3,0,3
217,1960,0,4.52598208,0.152141909,0.178308236,0.010447809,2,1,2
217,1990,0,4.7766428,0.261325303,0.304756499,0.035180316,2,1,2
218,1960,1,5.623363086,0.002506449,0.383978027,0.060584309,1,1,3
218,1990,1,5.969169112,0.00296195,0.564079709,0.243653116,1,1,3
219,1960,0,5.006942389,1.39579784,0.048455799,0.015024018,3,1,2
219,1990,0,5.236100912,2.209387796,0.045001227,0.074399164,3,1,2
220,1960,0,5.055935575,3.278986414,0.128465293,0.012595275,4,1,1
220,1990,0,5.32379451,4.213710861,0.180440658,0.054465561,4,1,1
221,1960,0,5.15287598,10.8095333,0.024776659,0.019439954,4,1,3
221,1990,0,5.398587515,8.875079416,0.013478275,0.114571563,4,1,3
222,1960,0,4.965211209,4.345604468,0.07129537,0.117732097,4,0,4
222,1990,0,5.217590896,4.704138587,0.075372385,0.533300686,4,0,4
223,1960,0,4.626609775,0.408961685,0.061695231,0.004761765,3,0,3
223,1990,0,4.887066849,0.795389649,0.055192848,0.008037765,3,0,3
224,1960,1,5.025174398,8.108219409,0.179133383,0.027580958,4,1,5
224,1990,1,5.197772199,10.33988003,0.344597802,0.143509082,4,1,5
225,1960,0,4.70357559,1.81182523,0.054102879,0.047354325,3,1,4
225,1990,0,4.94675135,2.755200114,0.045949861,0.228086082,3,1,4
226,1960,0,4.810243384,0.023696713,0.013775652,0.029714413,2,0,3
226,1990,0,5.04808909,0.089941105,0.007021867,0.159491998,2,0,3
227,1960,0,4.868055418,9.72E-10,0.004686009,0.004321075,1,0,2
227,1990,0,5.103879378,9.64E-05,0.00083459,0.007148246,1,0,2
228,1960,1,5.046254487,0.056329142,0.123253386,0.050855966,2,0,4
228,1990,1,5.22233175,0.031855877,0.276476532,0.230744898,2,0,4
229,1960,0,4.896782336,1.058479334,0.094045468,0.007581871,3,1,3
229,1990,0,5.117046195,1.792274054,0.102009099,0.02183025,3,1,3
230,1960,1,5.226701099,0.034324256,0.08869978,0.022087466,2,0,4
230,1990,1,5.486853168,0.015412295,0.188199008,0.129454079,2,0,4
231,1960,1,5.620125757,2.216924493,0.445553353,0.017385221,4,1,5
231,1990,1,5.911379655,2.855559538,0.614222916,0.116746032,4,1,5
232,1960,0,4.380108726,2.774128189,0.198077713,0.019392386,4,1,4
232,1990,0,4.646671143,3.372590184,0.349826148,0.112091998,4,1,4
233,1960,0,4.373092476,2.469932514,0.022976329,0.000696032,4,1,5
233,1990,0,4.612379169,3.368694111,0.011724318,0.001394188,4,1,5
234,1960,1,5.272400847,0.064189235,0.110526916,0.04399246,2,1,5
234,1990,1,5.555794392,0.035051354,0.260583132,0.227893555,2,1,5
235,1960,0,5.029104186,0.320268619,0.107886853,0.01724798,2,1,1
235,1990,0,5.262339475,0.567257425,0.132300963,0.097388046,2,1,1
236,1960,0,5.458927271,5.291403921,0.511818806,0.017598291,4,1,1
236,1990,0,5.683041519,5.394658258,0.843488383,0.099540594,4,1,1
237,1960,0,4.527990767,0.03355347,0.044520423,0.029132668,2,1,5
237,1990,0,4.7771123,0.128694122,0.039646751,0.145136781,2,1,5
238,1960,0,5.025847334,0.695079638,0.034916002,0.026113744,3,1,1
238,1990,0,5.250716431,1.228254287,0.023909104,0.131488447,3,1,1
239,1960,0,4.082012802,0.037851372,0.110575459,0.029375653,2,0,4
239,1990,0,4.43638196,0.137600866,0.144376462,0.147527108,2,0,4
240,1960,0,4.059718662,0.301219744,0.066052209,0.088093858,2,1,4
240,1990,0,4.322899084,0.531319587,0.072971714,0.37502046,2,1,4
241,1960,0,5.21473176,1.543841873,0.482780537,0.001027313,3,1,2
241,1990,0,5.479455026,2.544112461,0.835209383,0.001724665,3,1,2
242,1960,1,5.644427805,3.258452808,0.219617008,0.022212795,4,0,2
242,1990,1,6.000380528,4.610038858,0.391405603,0.130829823,4,0,2
243,1960,0,4.845446655,0.000140367,0.187181623,0.00014942,1,0,2
243,1990,0,5.09646414,0.006855323,0.329439704,7.71E-06,1,0,2
244,1960,1,4.849312,2.41E-05,0.330186283,0.010231026,1,0,3
244,1990,1,5.054416076,5.48E-05,0.510118893,0.065797234,1,0,3
245,1960,1,5.936238802,0.000541199,0.141374712,0.017535472,1,1,4
245,1990,1,6.205155976,0.000379418,0.28758687,0.116833996,1,1,4
246,1960,0,4.593482141,0.22448713,0.184172268,0.067473405,2,1,4
246,1990,0,4.855619822,0.402119894,0.325697022,0.303428876,2,1,4
247,1960,0,4.685179446,0.196701351,0.073206878,0.004432433,2,1,1
247,1990,0,4.930006193,0.357719082,0.076757212,0.007535448,2,1,1
248,1960,1,5.514951661,3.285495835,0.153938493,0.033756068,4,0,1
248,1990,1,5.807492181,4.898407876,0.312284967,0.186865607,4,0,1
249,1960,0,4.944384744,1.384420126,0.132786405,0.104230565,3,1,5
249,1990,0,5.187514876,2.009344417,0.187011714,0.501234785,3,1,5
250,1960,1,4.624220477,0.009853223,0.356027341,0.003495835,1,1,1
250,1990,1,4.869892295,0.004583368,0.515192477,0.046723256,1,1,1
251,1960,0,4.890993748,0.763287403,0.212659989,0.038832567,3,1,2
251,1990,0,5.116463141,1.293984489,0.382599475,0.19861282,3,1,2
252,1960,0,5.29050342,0.001365007,0.012801729,0.006784704,1,1,3
252,1990,0,5.565819058,0.017171024,0.00466316,0.016642139,1,1,3
253,1960,1,5.526135233,0.024606607,0.221381591,0.056457953,2,0,3
253,1990,1,5.815488708,0.015299409,0.403961439,0.237846457,2,0,3
254,1960,0,4.899778964,0.017607531,0.05625285,0.076636223,1,1,5
254,1990,0,5.121772822,0.076106821,0.048289054,0.334770884,1,1,5
255,1960,1,5.272346069,2.410995816,0.315440394,0.022316887,4,0,3
255,1990,1,5.548021096,3.444526659,0.485399276,0.133584796,4,0,3
256,1960,0,4.997581674,1.259001805,0.108352986,0.007518799,3,1,3
256,1990,0,5.227419241,1.802822433,0.136544535,0.019199349,3,1,3
257,1960,0,4.990892812,11.69222125,0.039380836,0.002018183,4,1,1
257,1990,0,5.223417688,9.016468488,0.030278322,0.003488091,4,1,1
258,1960,1,4.760480788,14.66480164,0.100175221,0.135509524,4,1,3
258,1990,1,4.996434216,16.4935796,0.243499676,0.368912077,4,1,3
259,1960,0,4.960403277,0.294164586,0.079447503,0.0857026,2,1,3
259,1990,0,5.200670771,0.508864225,0.085176869,0.357328429,2,1,3
260,1960,0,4.947389,0.079736666,0.422478243,0.070911971,2,0,2
260,1990,0,5.19370273,0.189657047,0.638091952,0.31829467,2,0,2
261,1960,1,5.174940613,1.72549806,0.189699458,0.118433627,3,0,5
261,1990,1,5.419206116,1.874436003,0.347027485,0.342663683,3,0,5
262,1960,0,5.685310197,1.393546893,0.481640026,0.023096551,3,0,1
262,1990,0,6.113098074,2.077044404,0.771489911,0.129689309,3,0,1
263,1960,1,5.689923337,1.665887954,0.176657572,0.001898829,3,1,4
263,1990,1,6.014141221,1.839402945,0.341891842,0.032045153,3,1,4
264,1960,0,5.123859296,0.766196379,0.095455877,0.005038636,3,0,1
264,1990,0,5.363990984,1.296888009,0.106920537,0.010259624,3,0,1
265,1960,0,5.086629894,0.187143899,0.045803582,0.006557525,2,1,3
265,1990,0,5.335331402,0.336760881,0.04034546,0.013499281,2,1,3
266,1960,0,4.708430067,0.002957846,0.02081094,0.024181308,1,0,2
266,1990,0,4.949823658,0.034947606,0.00959684,0.131367019,1,0,2
267,1960,1,5.72717485,24.56988236,0.210127212,0.014978739,4,0,2
267,1990,1,6.114124539,44.73250739,0.388585767,0.105028202,4,0,2
268,1960,0,4.769360908,1.29E-05,0.350748461,0.029621141,1,0,3
268,1990,0,5.016664991,0.002603442,0.529212369,0.147793562,1,0,3
269,1960,1,5.23500597,0.001013416,0.084604372,0.00801484,1,1,4
269,1990,1,5.508893209,0.000534734,0.152357018,0.057241479,1,1,4
270,1960,0,4.854375492,0.026929248,0.394447903,0.004871468,2,0,2
270,1990,0,5.09925004,0.104556382,0.600572645,0.008281222,2,0,2
271,1960,0,5.410723058,0.303984437,0.383681007,0.012570573,2,1,3
271,1990,0,5.652979914,0.536157635,0.57161145,0.054245854,2,1,3
272,1960,1,5.341146788,0.069501616,0.096154636,0.008531981,2,0,2
272,1990,1,5.594767845,0.035396386,0.2381582,0.059312726,2,0,2
273,1960,1,6.141822649,1.09E-09,0.169890349,0.108476479,1,0,4
273,1990,1,6.252528967,8.44E-07,0.33396536,0.322747632,1,0,4
274,1960,0,4.939237293,1.719019743,0.212714305,0.006631908,3,0,4
274,1990,0,5.185557507,2.724623117,0.38308159,0.01563461,3,0,4
275,1960,0,5.028279705,0.308095705,0.028490679,0.00025447,2,0,1
275,1990,0,5.255530571,0.559697902,0.016359901,0.000753047,2,0,1
276,1960,0,5.588400748,4.028027095,0.253619146,0.007397382,4,1,2
276,1990,0,5.900946824,4.584012916,0.430517896,0.018284863,4,1,2
277,1960,0,4.988047335,0.003370833,0.224928293,0.004580423,1,1,5
277,1990,0,5.221463838,0.043180967,0.401370623,0.007652785,1,1,5
278,1960,0,4.930060311,0.564767866,0.132616073,0.043395539,3,0,3
278,1990,0,5.150004646,1.097039561,0.186094599,0.225127785,3,0,3
279,1960,0,5.50981047,0.056929163,0.029003052,0.062050227,2,0,4
279,1990,0,5.843936541,0.159940661,0.018707876,0.289699164,2,0,4
280,1960,0,5.122167029,2.250554917,0.325843481,0.005785722,4,0,3
280,1990,0,5.357206742,3.198895981,0.509137477,0.011143673,4,0,3
281,1960,1,5.441725014,7.699763516,0.127838821,0.109908197,4,0,4
281,1990,1,5.675528279,9.525047087,0.277910954,0.326019406,4,0,4
282,1960,0,5.515073643,0.0003415,0.115195159,0.067465747,1,0,5
282,1990,0,5.845897867,0.008574614,0.160038479,0.29245539,1,0,5
283,1960,1,6.159756944,0.001086857,0.220090354,0.0499008,1,0,1
283,1990,1,6.312874599,0.000575779,0.397096865,0.230362023,1,0,1
284,1960,1,5.434313325,2.436568605,0.092850483,0.040973883,4,1,3
284,1990,1,5.675361477,3.455260786,0.231389957,0.21686757,4,1,3
285,1960,0,5.297296549,1.043467271,0.153843492,0.089357554,3,1,2
285,1990,0,5.569203342,1.788520268,0.257432528,0.381753436,3,1,2
286,1960,1,6.399801129,4.282503773,0.409448459,0.016779238,4,1,2
286,1990,1,6.478501135,5.490809771,0.565994867,0.106584174,4,1,2
287,1960,0,5.144919235,0.940631313,0.24633583,0.024021754,3,0,4
287,1990,0,5.387162657,1.662088317,0.417109589,0.129806045,3,0,4
288,1960,0,4.616114799,0.280601744,0.165676085,0.10899639,2,0,1
288,1990,0,4.870646149,0.499436111,0.273910235,0.519304054,2,0,1
289,1960,1,5.611096507,0.013007923,0.045028959,0.031342784,1,1,4
289,1990,1,5.893368076,0.009248703,0.075504912,0.16583158,1,1,4
290,1960,0,4.497111897,0.391847856,0.104338278,0.109508954,3,0,5
290,1990,0,4.730544744,0.701056813,0.127641084,0.52844697,3,0,5
291,1960,1,5.092000996,3.319279323,0.465072857,0.017331817,4,1,3
291,1990,1,5.281930083,5.17261823,0.633201767,0.110321977,4,1,3
292,1960,0,5.01980621,0.178147187,0.222873529,0.017246786,2,1,4
292,1990,0,5.248788434,0.280925098,0.400386138,0.092872431,2,1,4
293,1960,0,5.342543017,0.458896537,0.092885017,0.032706649,3,0,3
293,1990,0,5.602547145,0.836300566,0.101631806,0.16240581,3,0,3
294,1960,0,4.161968936,0.001921936,0.117481286,0.094075354,1,0,3
294,1990,0,4.557399798,0.018161882,0.167092829,0.434902606,1,0,3
295,1960,0,5.399926753,0.179088528,0.035146381,0.051449759,2,1,1
295,1990,0,5.630679715,0.319576976,0.026025005,0.236133482,2,1,1
296,1960,1,5.497233298,5.245998158,0.203749127,0.011881727,4,0,5
296,1990,1,5.752875843,6.833926113,0.377183626,0.074884385,4,0,5
297,1960,0,5.410469628,9.310859363,0.002236545,0.022436401,4,0,2
297,1990,0,5.638509884,8.25624632,2.35E-06,0.126467218,4,0,2
298,1960,0,5.672314215,1.575576324,0.031008908,0.01288713,3,1,5
298,1990,0,6.066558334,2.559536564,0.018731791,0.054996996,3,1,5
299,1960,1,5.161052206,6.41E-13,0.220073478,0.014613464,1,1,4
299,1990,1,5.418663155,3.08E-09,0.391588945,0.089065738,1,1,4
300,1960,0,5.354196047,7.082992797,0.086136307,0.042888974,4,1,3
300,1990,0,5.610439881,6.448510584,0.088160259,0.223974199,4,1,3
